,regional_number,national_number,name_fr,name_en,stat_hp,stat_atq,stat_def,stat_spa,stat_spd,stat_spe,stat_sum,type_1,type_2
0,001,906,Poussacha,Sprigatito,40,61,54,45,45,65,310,plante,NA
1,002,907,Matourgeon,Floragato,61,80,63,60,63,83,410,plante,NA
2,003,908,Miascarade,Meowscarada,76,110,70,81,70,123,530,plante,tenebres
3,004,909,Chochodile,Fuecoco,67,45,59,63,40,36,310,feu,NA
4,005,910,Crocogril,Crocalor,81,55,78,90,58,49,411,feu,NA
5,006,911,Flâmigator,Skeledirge,104,75,100,110,75,66,530,feu,spectre
6,007,912,Coiffeton,Quaxly,55,65,45,50,45,50,310,eau,NA
7,008,913,Canarbello,Quaxwell,70,85,65,65,60,65,410,eau,NA
8,009,914,Palmaval,Quaquaval,85,120,80,85,75,85,530,eau,combat
9,010,915,Gourmelet,Lechonk,54,45,40,35,45,35,254,normal,NA
10,011,916,Fragroin,Oinkologne,110,100,75,59,80,65,489,normal,NA
11,012,918,Tissenboule,Tarountula,35,41,45,29,40,20,210,insecte,NA
12,013,919,Filentrappe,Spidops,60,79,92,52,86,35,404,insecte,NA
13,014,920,Lilliterelle,Nymble,33,46,40,21,25,45,210,insecte,NA
14,015,921,Gambex,Lokix,71,102,78,52,55,92,450,insecte,tenebres
15,016,187,Granivol,Hoppip,35,35,40,35,55,50,250,plante,vol
16,017,188,Floravol,Skiploom,55,45,50,45,65,80,340,plante,vol
17,018,189,Cotovol,Jumpluff,75,55,70,55,95,110,460,plante,vol
18,019,661,Passerouge,Fletchling,45,50,43,40,38,62,278,normal,vol
19,020,662,Braisillon,Fletchinder,62,73,55,56,52,84,382,feu,vol
20,021,663,Flambusard,Talonflame,78,81,71,74,69,126,499,feu,vol
21,022,954,Pohm,Pawmi,45,50,20,40,25,60,240,electrik,NA
22,023,955,Pohmotte,Pawmo,60,75,40,50,40,85,350,electrik,combat
23,024,956,Pohmarmotte,Pawmot,70,115,70,70,60,105,490,electrik,combat
24,025,228,Malosse,Houndour,45,60,30,80,50,65,330,tenebres,feu
25,026,229,Démolosse,Houndoom,75,90,50,110,80,95,500,tenebres,feu
26,027,734,Manglouton,Yungoos,48,70,30,30,30,45,253,normal,NA
27,028,735,Argouste,Gumshoos,88,110,60,55,60,45,418,normal,NA
28,029,819,Rongourmand,Skwovet,70,55,55,35,35,25,275,normal,NA
29,030,820,Rongrigou,Greedent,120,95,95,55,75,20,460,normal,NA
30,031,191,Tournegrin,Sunkern,30,30,30,30,30,30,180,plante,NA
31,032,192,Héliatronc,Sunflora,75,75,55,105,85,30,425,plante,NA
32,033,401,Crikzik,Kricketot,37,25,41,25,41,25,194,insecte,NA
33,034,402,Mélokrik,Kricketune,77,85,51,55,51,65,384,insecte,NA
34,035,664,Lépidonille,Scatterbug,38,35,40,27,25,35,200,insecte,NA
35,036,665,Pérégrain,Spewpa,45,22,60,27,30,29,213,insecte,NA
36,037,666,Prismillon,Vivillon,80,52,50,90,50,89,411,insecte,vol
37,038,415,Apitrini,Combee,30,30,42,30,42,70,244,insecte,vol
38,039,416,Apireine,Vespiquen,70,80,102,80,102,40,474,insecte,vol
39,040,821,Minisange,Rookidee,38,47,35,33,35,57,245,vol,NA
40,041,822,Bleuseille,Corvisquire,68,67,55,43,55,77,365,vol,NA
41,042,823,Corvaillus,Corviknight,98,87,105,53,85,67,495,vol,acier
42,043,440,Ptiravi,Happiny,100,5,5,15,65,30,220,normal,NA
43,044,113,Leveinard,Chansey,250,5,5,35,105,50,450,normal,NA
44,045,242,Leuphorie,Blissey,255,10,10,75,135,55,540,normal,NA
45,046,298,Azurill,Azurill,50,20,40,20,40,20,190,normal,fee
46,047,183,Marill,Marill,70,20,50,20,50,40,250,eau,fee
47,048,184,Azumarill,Azumarill,100,50,80,60,80,50,420,eau,fee
48,049,283,Arakdo,Surskit,40,30,32,50,52,65,269,insecte,eau
49,050,284,Maskadra,Masquerain,70,60,62,100,82,80,454,insecte,vol
50,051,418,Mustébouée,Buizel,55,65,35,60,30,85,330,eau,NA
51,052,419,Mustéflott,Floatzel,85,105,55,85,50,115,495,eau,NA
52,053,194,Axoloto,Wooper,55,45,45,25,25,15,210,poison,sol
53,054,1009,Terraiste,Clodsire,130,75,60,45,100,20,430,poison,sol
54,055,054,Psykokwak,Psyduck,50,52,48,65,50,55,320,eau,NA
55,056,055,Akwakwak,Golduck,80,82,78,95,80,85,500,eau,NA
56,057,833,Khélocrok,Chewtle,50,64,50,38,38,44,284,eau,NA
57,058,834,Torgamord,Drednaw,90,115,90,48,68,74,485,eau,roche
58,059,174,Toudoudou,Igglybuff,90,30,15,40,20,15,210,normal,fee
59,060,039,Rondoudou,Jigglypuff,115,45,20,45,25,20,270,normal,fee
60,061,040,Grodoudou,Wigglytuff,140,70,45,85,50,45,435,normal,fee
61,062,280,Tarsal,Ralts,28,25,25,45,35,40,198,psy,fee
62,063,281,Kirlia,Kirlia,38,35,35,65,55,50,278,psy,fee
63,064,282,Gardevoir,Gardevoir,68,65,65,125,115,80,518,psy,fee
64,065,475,Gallame,Gallade,68,125,65,65,115,80,518,psy,combat
65,066,096,Soporifik,Drowzee,60,48,45,43,90,42,328,psy,NA
66,067,097,Hypnomade,Hypno,85,73,70,73,115,67,483,psy,NA
67,068,092,Fantominus,Gastly,30,35,30,100,35,80,310,spectre,poison
68,069,093,Spectrum,Haunter,45,50,45,115,55,95,405,spectre,poison
69,070,094,Ectoplasma,Gengar,60,65,60,130,75,110,500,spectre,poison
70,071,945,Compagnol,Tandemaus,50,50,45,40,45,75,305,normal,NA
71,072,946,Famignol,Maushold,74,75,70,65,75,111,470,normal,NA
72,073,172,Pichu,Pichu,20,40,15,35,35,60,205,electrik,NA
73,074,025,Pikachu,Pikachu,35,55,40,50,50,90,320,electrik,NA
74,075,026,Raichu,Raichu,60,90,55,90,80,110,485,electrik,NA
75,076,970,Pâtachiot,Fidough,37,55,70,30,55,65,312,fee,NA
76,077,971,Briochien,Dachsbun,57,80,115,50,80,95,477,fee,NA
77,078,287,Parecool,Slakoth,60,60,60,35,35,30,280,normal,NA
78,079,288,Vigoroth,Vigoroth,80,80,80,55,55,90,440,normal,NA
79,080,289,Monaflèmit,Slaking,150,160,100,95,65,100,670,normal,NA
80,081,761,Croquine,Bounsweet,42,30,38,30,38,32,210,plante,NA
81,082,762,Candine,Steenee,52,40,48,40,48,62,290,plante,NA
82,083,763,Sucreine,Tsareena,72,120,98,50,98,72,510,plante,NA
83,084,935,Olivini,Smoliv,41,35,45,58,51,30,260,plante,normal
84,085,936,Olivado,Dolliv,52,53,60,78,78,33,354,plante,normal
85,086,937,Arboliva,Arboliva,78,69,90,125,109,39,510,plante,normal
86,087,438,Manzaï,Bonsly,50,80,95,10,45,10,290,roche,NA
87,088,185,Simularbre,Sudowoodo,70,100,115,30,65,30,410,roche,NA
88,089,744,Rocabot,Rockruff,45,65,40,30,40,60,280,roche,NA
89,090,745,Lougaroc,Lycanroc,75,115,65,55,65,112,487,roche,NA
90,091,837,Charbi,Rolycoly,30,40,50,40,50,30,240,roche,NA
91,092,838,Wagomine,Carkol,80,60,90,60,70,50,410,roche,feu
92,093,839,Monthracite,Coalossal,110,80,120,80,90,30,510,roche,feu
93,094,403,Lixy,Shinx,45,65,34,40,34,45,263,electrik,NA
94,095,404,Luxio,Luxio,60,85,49,60,49,60,363,electrik,NA
95,096,405,Luxray,Luxray,80,120,79,95,79,70,523,electrik,NA
96,097,396,Étourmi,Starly,40,55,30,30,30,60,245,normal,vol
97,098,397,Étourvol,Staravia,55,75,50,40,40,80,340,normal,vol
98,099,398,Étouraptor,Staraptor,85,120,70,50,60,100,485,normal,vol
99,100,741,Plumeline,Oricorio,75,70,70,98,70,93,476,feu,vol
100,101,179,Wattouat,Mareep,55,40,40,65,45,35,280,electrik,NA
101,102,180,Lainergie,Flaaffy,70,55,55,80,60,45,365,electrik,NA
102,103,181,Pharamp,Ampharos,90,75,85,115,90,55,510,electrik,NA
103,104,548,Chlorobule,Petilil,45,35,50,70,50,30,280,plante,NA
104,105,549,Fragilady,Lilligant,70,60,75,110,75,90,480,plante,NA
105,106,285,Balignon,Shroomish,60,40,60,40,60,35,295,plante,NA
106,107,286,Chapignon,Breloom,60,130,80,60,60,70,460,plante,combat
107,108,840,Verpom,Applin,40,40,80,40,40,20,260,plante,dragon
108,109,841,Pomdrapi,Flapple,70,110,80,95,60,70,485,plante,dragon
109,110,842,Dratatin,Appletun,110,85,80,100,80,30,485,plante,dragon
110,111,325,Spoink,Spoink,60,25,35,70,80,60,330,psy,NA
111,112,326,Groret,Grumpig,80,45,65,90,110,80,470,psy,NA
112,113,960,Tapatoès,Squawkabilly,82,96,51,45,51,92,417,normal,vol
113,114,200,Feuforêve,Misdreavus,60,60,60,85,85,85,435,spectre,NA
114,115,429,Magirêve,Mismagius,60,60,60,105,105,105,495,spectre,NA
115,116,296,Makuhita,Makuhita,72,60,30,20,30,25,237,combat,NA
116,117,297,Hariyama,Hariyama,144,120,60,40,60,50,474,combat,NA
117,118,739,Crabagarre,Crabrawler,47,82,57,42,47,63,338,combat,NA
118,119,740,Crabominable,Crabominable,97,132,77,62,67,43,478,combat,glace
119,120,757,Tritox,Salandit,48,44,40,71,40,77,320,poison,feu
120,121,758,Malamandre,Salazzle,68,64,60,111,60,117,480,poison,feu
121,122,231,Phanpy,Phanpy,90,60,60,40,40,40,330,sol,NA
122,123,232,Donphan,Donphan,90,120,120,60,60,50,500,sol,NA
123,124,878,Charibari,Cufant,72,80,49,40,49,40,330,acier,NA
124,125,879,Pachyradjah,Copperajah,122,130,69,80,69,30,500,acier,NA
125,126,443,Griknot,Gible,58,70,45,40,45,42,300,dragon,sol
126,127,444,Carmache,Gabite,68,90,65,50,55,82,410,dragon,sol
127,128,445,Carchacrok,Garchomp,108,130,95,80,85,102,600,dragon,sol
128,129,963,Selutin,Nacli,55,55,75,35,35,25,280,roche,NA
129,130,964,Amassel,Naclstack,60,60,100,35,65,35,355,roche,NA
130,131,965,Gigansel,Garganacl,100,100,130,45,90,35,500,roche,NA
131,132,278,Goélise,Wingull,40,30,30,55,30,85,270,eau,vol
132,133,279,Bekipan,Pelipper,60,50,100,95,70,65,440,eau,vol
133,134,129,Magicarpe,Magikarp,20,10,55,15,20,80,200,eau,NA
134,135,130,Léviator,Gyarados,95,125,79,60,100,81,540,eau,vol
135,136,846,Embrochet,Arrokuda,41,63,40,40,30,66,280,eau,NA
136,137,847,Hastacuda,Barraskewda,61,123,60,60,50,136,490,eau,NA
137,138,550,Bargantua,Basculin,70,92,65,80,55,98,460,eau,NA
138,139,316,Gloupti,Gulpin,70,43,53,43,53,40,302,poison,NA
139,140,317,Avaltout,Swalot,100,73,83,73,83,55,467,poison,NA
140,141,052,Miaouss,Meowth,40,45,35,40,40,90,290,normal,NA
141,142,053,Persian,Persian,65,70,60,65,65,115,440,normal,NA
142,143,425,Baudrive,Drifloon,90,50,34,60,44,70,348,spectre,vol
143,144,426,Grodrive,Drifblim,150,80,44,90,54,80,498,spectre,vol
144,145,669,Flabébé,Flabébé,44,38,39,61,79,42,303,fee,NA
145,146,670,Floette,Floette,54,45,47,75,98,52,371,fee,NA
146,147,671,Florges,Florges,78,65,68,112,154,75,552,fee,NA
147,148,050,Taupiqueur,Diglett,10,55,25,35,45,95,265,sol,NA
148,149,051,Triopikeur,Dugtrio,35,100,50,50,70,120,425,sol,NA
149,150,324,Chartor,Torkoal,70,85,140,85,70,20,470,feu,NA
150,151,322,Chamallot,Numel,60,60,40,65,45,35,305,feu,sol
151,152,323,Camérupt,Camerupt,70,100,70,105,75,40,460,feu,sol
152,153,436,Archéomire,Bronzor,57,24,86,24,86,23,300,acier,psy
153,154,437,Archéodong,Bronzong,67,89,116,79,116,33,500,acier,psy
154,155,610,Coupenotte,Axew,46,87,60,30,40,57,320,dragon,NA
155,156,611,Incisache,Fraxure,66,117,70,40,50,67,410,dragon,NA
156,157,612,Tranchodon,Haxorus,76,147,90,60,70,97,540,dragon,NA
157,158,056,Férosinge,Mankey,40,80,35,35,45,70,305,combat,NA
158,159,057,Colossinge,Primeape,65,105,60,60,70,95,455,combat,NA
159,160,1010,Courrousinge,Annihilape,110,115,80,50,90,90,535,combat,spectre
160,161,307,Méditikka,Meditite,30,40,55,40,55,60,280,combat,psy
161,162,308,Charmina,Medicham,60,60,75,60,75,80,410,combat,psy
162,163,447,Riolu,Riolu,40,70,40,35,40,60,285,combat,NA
163,164,448,Lucario,Lucario,70,110,70,115,70,90,525,combat,acier
164,165,1003,Charbambin,Charcadet,40,50,40,50,40,35,255,feu,NA
165,166,1004,Carmadura,Armarouge,85,60,100,125,80,75,525,feu,psy
166,167,1005,Malvalame,Ceruledge,75,125,80,60,100,85,525,feu,spectre
167,168,339,Barloche,Barboach,50,48,43,46,41,60,288,eau,sol
168,169,340,Barbicha,Whiscash,110,78,73,76,71,60,468,eau,sol
169,170,940,Têtampoule,Tadbulb,61,31,41,59,35,45,272,electrik,NA
170,171,941,Ampibidou,Bellibolt,109,64,91,103,83,45,495,electrik,NA
171,172,704,Mucuscule,Goomy,45,50,35,55,75,40,300,dragon,NA
172,173,705,Colimucus,Sliggoo,68,75,53,83,113,60,452,dragon,NA
173,174,706,Muplodocus,Goodra,90,100,70,110,150,80,600,dragon,NA
174,175,453,Cradopaud,Croagunk,48,61,40,61,40,50,300,poison,combat
175,176,454,Coatox,Toxicroak,83,106,65,86,65,85,490,poison,combat
176,177,957,Zapétrel,Wattrel,40,40,35,55,40,70,280,electrik,vol
177,178,958,Fulgulairo,Kilowattrel,70,70,60,105,60,125,490,electrik,vol
178,179,133,Évoli,Eevee,55,55,50,45,65,55,325,normal,NA
179,180,134,Aquali,Vaporeon,130,65,60,110,95,65,525,eau,NA
180,181,135,Voltali,Jolteon,65,65,60,110,95,130,525,electrik,NA
181,182,136,Pyroli,Flareon,65,130,60,95,110,65,525,feu,NA
182,183,196,Mentali,Espeon,65,65,60,130,95,110,525,psy,NA
183,184,197,Noctali,Umbreon,95,65,110,60,130,65,525,tenebres,NA
184,185,470,Phyllali,Leafeon,65,110,130,60,65,95,525,plante,NA
185,186,471,Givrali,Glaceon,65,60,110,130,95,65,525,glace,NA
186,187,700,Nymphali,Sylveon,95,65,65,110,130,60,525,fee,NA
187,188,206,Insolourdo,Dunsparce,100,70,70,65,65,45,415,normal,NA
188,189,917,Deusolourdo,Dudunsparce,125,100,80,85,75,55,520,normal,NA
189,190,585,Vivaldaim,Deerling,60,60,50,40,50,75,335,normal,plante
190,191,586,Haydaim,Sawsbuck,80,100,70,60,70,95,475,normal,plante
191,192,203,Girafarig,Girafarig,70,80,65,90,65,85,455,normal,psy
192,193,928,Farigiraf,Farigiraf,120,90,70,110,70,60,520,normal,psy
193,194,088,Tadmorv,Grimer,80,80,50,40,50,25,325,poison,NA
194,195,089,Grotadmorv,Muk,105,105,75,65,100,50,500,poison,NA
195,196,972,Grondogue,Maschiff,60,78,60,40,51,51,340,tenebres,NA
196,197,973,Dogrino,Mabosstiff,80,120,90,60,70,85,505,tenebres,NA
197,198,848,Toxizap,Toxel,40,38,35,54,35,40,242,electrik,poison
198,199,849,Salarsen,Toxtricity,75,98,70,114,70,75,502,electrik,poison
199,200,702,Dedenne,Dedenne,67,58,57,81,67,101,431,electrik,fee
200,201,417,Pachirisu,Pachirisu,60,45,70,45,90,95,405,electrik,NA
201,202,968,Gribouraigne,Shroodle,40,65,35,40,35,75,290,poison,normal
202,203,969,Tag-Tag,Grafaiai,63,95,65,80,72,110,485,poison,normal
203,204,234,Cerfrousse,Stantler,73,95,62,85,65,85,465,normal,NA
204,205,590,Trompignon,Foongus,69,55,45,55,55,15,294,plante,poison
205,206,591,Gaulet,Amoonguss,114,85,70,85,80,30,464,plante,poison
206,207,100,Voltorbe,Voltorb,40,30,50,55,55,100,330,electrik,NA
207,208,101,Électrode,Electrode,60,50,70,80,80,150,490,electrik,NA
208,209,081,Magnéti,Magnemite,25,35,70,95,55,45,325,electrik,acier
209,210,082,Magnéton,Magneton,50,60,95,120,70,70,465,electrik,acier
210,211,462,Magnézone,Magnezone,70,70,115,130,90,60,535,electrik,acier
211,212,132,Métamorph,Ditto,48,48,48,48,48,48,288,normal,NA
212,213,058,Caninos,Growlithe,55,70,45,70,50,60,350,feu,NA
213,214,059,Arcanin,Arcanine,90,110,80,100,80,95,555,feu,NA
214,215,216,Teddiursa,Teddiursa,60,80,50,50,50,40,330,normal,NA
215,216,217,Ursaring,Ursaring,90,130,75,75,75,55,500,normal,NA
216,217,335,Mangriff,Zangoose,73,115,60,60,60,90,458,normal,NA
217,218,336,Séviper,Seviper,73,100,60,100,60,65,458,poison,NA
218,219,333,Tylton,Swablu,45,40,60,40,75,50,310,normal,vol
219,220,334,Altaria,Altaria,75,70,90,70,105,80,490,dragon,vol
220,221,672,Cabriolaine,Skiddo,66,65,48,62,57,52,350,plante,NA
221,222,673,Chevroum,Gogoat,123,100,62,97,81,68,531,plante,NA
222,223,128,Tauros,Tauros,75,110,105,30,70,100,490,combat,NA
223,224,667,Hélionceau,Litleo,62,50,58,73,54,72,369,feu,normal
224,225,668,Némélios,Pyroar,86,68,72,109,66,106,507,feu,normal
225,226,434,Moufouette,Stunky,63,63,47,41,41,74,329,poison,tenebres
226,227,435,Moufflair,Skuntank,103,93,67,71,61,84,479,poison,tenebres
227,228,570,Zorua,Zorua,40,65,40,80,40,65,330,tenebres,NA
228,229,571,Zoroark,Zoroark,60,105,60,120,60,105,510,tenebres,NA
229,230,215,Farfuret,Sneasel,55,95,55,35,75,115,430,tenebres,glace
230,231,461,Dimoret,Weavile,70,120,65,45,85,125,510,tenebres,glace
231,232,198,Cornèbre,Murkrow,60,85,42,85,42,91,405,tenebres,vol
232,233,430,Corboss,Honchkrow,100,125,52,105,52,71,505,tenebres,vol
233,234,574,Scrutella,Gothita,45,30,50,55,65,45,290,psy,NA
234,235,575,Mesmérella,Gothorita,60,45,70,75,85,55,390,psy,NA
235,236,576,Sidérella,Gothitelle,70,55,95,95,110,65,490,psy,NA
236,237,854,Théffroi,Sinistea,40,45,45,74,54,50,308,spectre,NA
237,238,855,Polthégeist,Polteageist,60,65,65,134,114,70,508,spectre,NA
238,239,778,Mimiqui,Mimikyu,55,90,80,50,105,96,476,spectre,fee
239,240,707,Trousselin,Klefki,57,80,91,80,87,75,470,acier,fee
240,241,876,Wimessir,Indeedee,60,65,55,105,95,95,475,psy,normal
241,242,974,Virovent,Bramblin,40,65,30,45,35,60,275,plante,spectre
242,243,975,Virevorreur,Brambleghast,55,115,70,80,70,90,480,plante,spectre
243,244,1006,Terracool,Toedscool,40,40,35,50,100,70,335,sol,plante
244,245,1007,Terracruel,Toedscruel,80,70,65,80,120,100,515,sol,plante
245,246,357,Tropius,Tropius,99,68,83,72,87,51,460,plante,vol
246,247,753,Mimantis,Fomantis,40,55,35,50,35,35,250,plante,NA
247,248,754,Floramantis,Lurantis,70,105,90,80,90,45,480,plante,NA
248,249,962,Craparoi,Klawf,70,100,115,35,55,75,450,roche,NA
249,250,938,Pimito,Capsakid,50,62,40,62,40,50,304,plante,NA
250,251,939,Scovilain,Scovillain,65,108,65,108,65,75,486,plante,feu
251,252,331,Cacnea,Cacnea,50,85,40,85,40,35,335,plante,NA
252,253,332,Cacturne,Cacturne,70,115,60,115,60,55,475,plante,tenebres
253,254,922,Léboulérou,Rellor,41,50,60,31,58,30,270,insecte,NA
254,255,923,Bérasca,Rabsca,75,50,85,115,100,45,470,insecte,psy
255,256,048,Mimitoss,Venonat,60,55,50,40,55,45,305,insecte,poison
256,257,049,Aéromite,Venomoth,70,65,60,90,75,90,450,insecte,poison
257,258,204,Pomdepik,Pineco,50,65,90,35,35,15,290,insecte,NA
258,259,205,Foretress,Forretress,75,90,140,60,60,40,465,insecte,acier
259,260,123,Insécateur,Scyther,70,110,80,55,80,105,500,insecte,vol
260,261,212,Cizayox,Scizor,70,130,100,55,80,65,500,insecte,acier
261,262,214,Scarhino,Heracross,80,125,75,40,95,85,500,insecte,combat
262,263,926,Flotillon,Flittle,30,35,30,55,30,75,255,psy,NA
263,264,927,Cléopsytra,Espathra,95,60,60,101,60,105,481,psy,NA
264,265,449,Hippopotas,Hippopotas,68,72,78,38,42,32,330,sol,NA
265,266,450,Hippodocus,Hippowdon,108,112,118,68,72,47,525,sol,NA
266,267,551,Mascaïman,Sandile,50,72,35,35,35,65,292,sol,tenebres
267,268,552,Escroco,Krokorok,60,82,45,45,45,74,351,sol,tenebres
268,269,553,Crocorible,Krookodile,95,117,80,65,70,92,519,sol,tenebres
269,270,843,Dunaja,Silicobra,52,57,75,35,50,46,315,sol,NA
270,271,844,Dunaconda,Sandaconda,72,107,125,65,70,71,510,sol,NA
271,272,749,Tiboudet,Mudbray,70,100,70,45,55,45,385,sol,NA
272,273,750,Bourrinos,Mudsdale,100,125,100,55,85,35,500,sol,NA
273,274,636,Pyronille,Larvesta,55,85,55,50,55,60,360,insecte,feu
274,275,637,Pyrax,Volcarona,85,60,65,135,105,100,550,insecte,feu
275,276,371,Draby,Bagon,45,75,60,40,30,50,300,dragon,NA
276,277,372,Drackhaus,Shelgon,65,95,100,60,50,50,420,dragon,NA
277,278,373,Drattak,Salamence,95,135,80,110,80,100,600,dragon,vol
278,279,1000,Forgerette,Tinkatink,50,45,45,35,64,58,297,fee,acier
279,280,1001,Forgella,Tinkatuff,65,55,55,45,82,78,380,fee,acier
280,281,1002,Forgelina,Tinkaton,85,75,77,70,105,94,506,fee,acier
281,282,856,Bibichut,Hatenna,42,30,45,56,53,39,265,psy,NA
282,283,857,Chapotus,Hattrem,57,40,65,86,73,49,370,psy,NA
283,284,858,Sorcilence,Hatterene,57,90,95,136,103,29,510,psy,fee
284,285,859,Grimalin,Impidimp,45,45,30,55,40,50,265,tenebres,fee
285,286,860,Fourbelin,Morgrem,65,60,45,75,55,70,370,tenebres,fee
286,287,861,Angoliath,Grimmsnarl,95,120,65,95,75,60,510,tenebres,fee
287,288,929,Taupikeau,Wiglett,10,55,25,35,25,95,245,eau,NA
288,289,930,Triopikeau,Wugtrio,35,100,50,50,70,120,425,eau,NA
289,290,959,Lestombaile,Bombirdier,70,103,85,60,85,82,485,vol,tenebres
290,291,933,Dofin,Finizen,70,45,40,45,40,75,315,eau,NA
291,292,934,Superdofin,Palafin,100,70,72,53,62,100,457,eau,NA
292,293,942,Vrombi,Varoom,45,70,63,30,45,47,300,acier,poison
293,294,943,Vrombotor,Revavroom,80,119,90,54,67,90,500,acier,poison
294,295,953,Motorizard,Cyclizar,70,95,65,85,65,121,501,dragon,normal
295,296,944,Ferdeter,Orthworm,70,85,145,60,55,65,480,acier,NA
296,297,302,Ténéfix,Sableye,50,75,75,65,65,50,380,tenebres,spectre
297,298,353,Polichombr,Shuppet,44,75,35,63,33,45,295,spectre,NA
298,299,354,Branette,Banette,64,115,65,83,63,65,455,spectre,NA
299,300,870,Hexadron,Falinks,65,100,100,70,60,75,470,combat,NA
300,301,701,Brutalibré,Hawlucha,78,92,75,74,63,118,500,combat,vol
301,302,442,Spiritomb,Spiritomb,50,92,108,92,108,35,485,spectre,tenebres
302,303,714,Sonistrelle,Noibat,40,30,35,45,40,55,245,vol,dragon
303,304,715,Bruyverne,Noivern,85,70,80,97,80,123,535,vol,dragon
304,305,885,Fantyrm,Dreepy,28,60,30,40,30,82,270,dragon,spectre
305,306,886,Dispareptil,Drakloak,68,80,50,60,50,102,410,dragon,spectre
306,307,887,Lanssorien,Dragapult,88,120,75,100,75,142,600,dragon,spectre
307,308,966,Germéclat,Glimmet,48,35,42,105,60,60,350,roche,poison
308,309,967,Floréclat,Glimmora,83,55,90,130,81,86,525,roche,poison
309,310,479,Motisma,Rotom,50,50,77,95,77,91,440,electrik,spectre
310,311,924,Toutombe,Greavard,50,61,60,30,55,34,290,spectre,NA
311,312,925,Tomberro,Houndstone,72,101,100,50,97,68,488,spectre,NA
312,313,765,Gouroutan,Oranguru,90,60,80,90,110,60,490,normal,psy
313,314,766,Quartermac,Passimian,100,120,90,40,60,80,490,combat,NA
314,315,775,Dodoala,Komala,65,115,65,75,95,65,480,normal,NA
315,316,246,Embrylex,Larvitar,50,64,50,45,50,41,300,roche,sol
316,317,247,Ymphect,Pupitar,70,84,70,65,70,51,410,roche,sol
317,318,248,Tyranocif,Tyranitar,100,134,110,95,100,61,600,roche,tenebres
318,319,874,Dolman,Stonjourner,100,125,135,20,20,70,470,roche,NA
319,320,875,Bekaglaçon,Eiscue,75,80,110,65,90,50,470,glace,NA
320,321,871,Wattapik,Pincurchin,48,101,95,91,85,15,435,electrik,NA
321,322,769,Bacabouh,Sandygast,55,55,80,70,45,15,320,spectre,sol
322,323,770,Trépassable,Palossand,85,75,110,100,75,35,480,spectre,sol
323,324,079,Ramoloss,Slowpoke,90,65,65,40,40,15,315,eau,psy
324,325,080,Flagadoss,Slowbro,95,75,110,100,80,30,490,eau,psy
325,326,199,Roigada,Slowking,95,75,80,100,110,30,490,eau,psy
326,327,422,Sancoki,Shellos,76,48,48,57,62,34,325,eau,NA
327,328,423,Tritosor,Gastrodon,111,83,68,92,82,39,475,eau,sol
328,329,090,Kokiyas,Shellder,30,65,100,45,25,40,305,eau,NA
329,330,091,Crustabri,Cloyster,50,95,180,85,45,70,525,eau,glace
330,331,211,Qwilfish,Qwilfish,65,95,85,55,55,85,440,eau,poison
331,332,370,Lovdisc,Luvdisc,43,30,55,40,65,97,330,eau,NA
332,333,456,Écayon,Finneon,49,49,56,49,61,66,330,water,NA
333,334,457,Luminéon,Lumineon,69,69,76,69,86,91,460,eau,NA
334,335,779,Denticrisse,Bruxish,68,105,70,70,70,92,475,eau,psy
335,336,594,Mamanbo,Alomomola,165,75,80,40,45,65,470,eau,NA
336,337,690,Venalgue,Skrelp,50,60,60,60,60,30,320,poison,eau
337,338,691,Kravarech,Dragalge,65,75,90,97,123,44,494,poison,dragon
338,339,692,Flingouste,Clauncher,50,53,62,58,63,44,330,eau,NA
339,340,693,Gamblast,Clawitzer,71,73,88,120,89,59,500,eau,NA
340,341,602,Anchwatt,Tynamo,35,55,40,45,40,60,275,electrik,NA
341,342,603,Lampéroie,Eelektrik,65,85,70,75,70,40,405,electrik,NA
342,343,604,Ohmassacre,Eelektross,85,115,80,105,80,50,515,electrik,NA
343,344,747,Vorastérie,Mareanie,50,53,62,43,52,45,305,poison,eau
344,345,748,Prédastérie,Toxapex,50,63,152,53,142,35,495,poison,eau
345,346,961,Flamenroule,Flamigo,82,115,74,75,64,90,500,vol,combat
346,347,147,Minidraco,Dratini,41,64,45,50,50,50,300,dragon,NA
347,348,148,Draco,Dragonair,61,84,65,70,70,70,420,dragon,NA
348,349,149,Dracolosse,Dragonite,91,134,95,100,100,80,600,dragon,vol
349,350,872,Frissonille,Snom,30,25,35,45,30,20,185,glace,insecte
350,351,873,Beldeneige,Frosmoth,70,65,60,125,90,65,475,glace,insecte
351,352,459,Blizzi,Snover,60,62,50,62,60,40,334,plante,glace
352,353,460,Blizzaroi,Abomasnow,90,92,75,92,85,60,494,plante,glace
353,354,225,Cadoizo,Delibird,45,55,45,65,45,75,330,glace,vol
354,355,613,Polarhume,Cubchoo,55,70,40,60,40,40,305,glace,NA
355,356,614,Polagriffe,Beartic,95,130,80,70,80,50,505,glace,NA
356,357,361,Stalgamin,Snorunt,50,50,50,50,50,50,300,glace,NA
357,358,362,Oniglali,Glalie,80,80,80,80,80,80,480,glace,NA
358,359,478,Momartik,Froslass,70,80,70,80,70,110,480,glace,spectre
359,360,615,Hexagel,Cryogonal,80,50,50,95,135,105,515,glace,NA
360,361,947,Piétacé,Cetoddle,108,68,45,30,40,43,334,glace,NA
361,362,948,Balbalèze,Cetitan,170,113,65,45,55,73,521,glace,NA
362,363,712,Grelaçon,Bergmite,55,69,85,32,35,28,304,glace,NA
363,364,713,Séracrawl,Avalugg,95,117,184,44,46,28,514,glace,NA
364,365,627,Furaiglon,Rufflet,70,83,50,37,50,60,350,normal,vol
365,366,628,Gueriaigle,Braviary,100,123,75,57,75,80,510,normal,vol
366,367,624,Scalpion,Pawniard,45,85,70,40,40,60,340,tenebres,acier
367,368,625,Scalproie,Bisharp,65,125,100,60,70,70,490,tenebres,acier
368,369,1008,Scalpereur,Kingambit,100,135,120,60,85,50,550,tenebres,acier
369,370,633,Solochi,Deino,52,65,50,45,50,38,300,tenebres,dragon
370,371,634,Diamat,Zweilous,72,85,70,65,70,58,420,tenebres,dragon
371,372,635,Trioxhydre,Hydreigon,92,105,90,125,90,98,600,tenebres,dragon
372,373,932,Délestin,Veluza,90,102,73,78,65,70,478,eau,psy
373,374,931,Oyacata,Dondozo,150,100,115,65,65,35,530,eau,NA
374,375,952,Nigirigon,Tatsugiri,68,50,60,120,95,82,475,dragon,eau
375,376,978,Fort-Ivoire,Great Tusk,115,131,131,53,53,87,570,sol,combat
376,377,982,Hurle-Queue,Scream Tail,115,65,99,65,115,111,570,fee,psy
377,378,979,Fongus-Furie,Brute Bonnet,111,127,99,79,99,55,570,plante,tenebres
378,379,983,Flotte-Mèche,Flutter Mane,55,55,55,135,135,135,570,spectre,fee
379,380,984,Rampe-Ailes,Slither Wing,85,135,79,85,105,81,570,insecte,combat
380,381,981,Pelage-Sablé,Sandy Shocks,85,81,97,121,85,101,570,electrik,sol
381,382,986,Roue-de-Fer,Iron Treads,90,112,120,72,70,106,570,sol,acier
382,383,992,Hotte-de-Fer,Iron Bundle,56,80,114,124,60,136,570,glace,eau
383,384,989,Paume-de-Fer,Iron Hands,154,140,108,50,68,50,570,combat,electrik
384,385,990,Têtes-de-Fer,Iron Jugulis,94,80,86,122,80,108,570,tenebres,vol
385,386,988,Mite-de-Fer,Iron Moth,80,70,60,140,110,110,570,feu,poison
386,387,991,Épine-de-Fer,Iron Thorns,100,134,110,70,84,72,570,roche,electrik
387,388,949,Frigodo,Frigibax,65,75,45,35,45,55,320,dragon,glace
388,389,950,Cryodo,Arctibax,90,95,66,45,65,62,423,dragon,glace
389,390,951,Glaivodo,Baxcalibur,115,145,92,75,86,87,600,dragon,glace
390,391,976,Mordudor,Gimmighoul,45,30,70,75,70,10,300,spectre,NA
391,392,977,Gromago,Gholdengo,87,60,95,133,91,84,550,acier,spectre
392,393,996,Chongjian,Wo-Chien,85,85,100,95,135,70,570,tenebres,plante
393,394,995,Baojian,Chien-Pao,80,120,80,90,65,135,570,tenebres,glace
394,395,994,Dinglu,Ting-Lu,155,110,125,55,80,45,570,tenebres,sol
395,396,997,Yuyu,Chi-Yu,55,80,80,135,120,100,570,tenebres,feu
396,397,985,Rugit-Lune,Roaring Moon,105,139,71,55,101,119,590,dragon,tenebres
397,398,993,Garde-de-Fer,Iron Valiant,74,130,90,120,60,116,590,fee,combat
398,399,998,Koraidon,Koraidon,100,135,115,85,100,135,670,combat,dragon
399,400,999,Miraidon,Miraidon,100,85,100,135,115,135,670,electrik,dragon
